Workbook

Sheet How to use
A1: eSim setup for EAINT-12341 — what to type, run by run
A3: 1. Open tab '1 Companies'. Fill ONLY the YELLOW cells: ROC/ROB number exactly as the checker sheet shows it (with the letter, e.g. 639691-H), the new 12-digit number, the TIN and the checker row.
A4: Only PASS rows. Do not use IP0581553-U, 003270488-X, 1267419-A (already used by Azfar).
A5: 2. The green cells work themselves out (number without the letter, the letter, the values for eSim).
A6: 3. For each run, open its tab (CH1, CH2, …). Log in to eSim: https://172.30.202.114:9089/esim/login (VPN on).
A7: 4. Follow the tab top to bottom: Part A = screen 'Ssm Enquiry Resp', Part B = 'Ssm Rob / Roc Submission Resp'.
A8: Edit an existing record (as the eSimulator guide says). Inside the big text boxes, change ONLY the tags listed — leave everything else as it is.
A9: 5. People: keep ONE existing person block, copy it until there are exactly as many blocks as the tab lists, then change the name and IC in each. Delete any extra blocks.
A10: 6. Save both screens, then tell QA support 'eSim ready for CH1' and start the robot (npm run ch1).
A12: Set up eSim for ONE run at a time, just before that run. Never reuse a company, even if a run fails — take a Spare row.
A13: Send this file back to QA support after filling tab 1, so the same numbers go into the robot.
A15: Not confirmed yet (will be updated): the foreign director ID format (A1234567x used), and the LLP screen (not in the eSimulator guide).
A16: Business Trading (CH7 Sabah, CH8 Sarawak) has no eSim setup — fill only its TIN in tab 1.

Sheet 1 Companies
A1: Fill the YELLOW cells only. Green = worked out for you.
A3: No | B3: Robot run | C3: Company type | D3: TIN must start with | E3: People (robot expects) | F3: ROC / ROB No. (with letter) | G3: New 12-digit No. | H3: TIN | I3: Row in checker sheet | J3: Remarks | K3: eSim Roc (no letter) | L3: Check letter
A4: 1 | B4: CH1 | C4: Sdn Bhd / Bhd | D4: C | E4: 4 Malaysian | J4: MAIN TEST — run first | K4: =IF(F4="","",IF(AND(LEN(F4)>2,MID(F4,LEN(F4)-1,1)="-",ISERROR(VALUE(RIGHT(F4,1)))),LEFT(F4,LEN(F4)-2),F4)) | L4: =IF(OR(F4="",K4=F4),"",RIGHT(F4,1))
A5: 2 | B5: CH2 | C5: Sdn Bhd / Bhd | D5: C | E5: 2 Malaysian + 1 foreigner | J5: Has 1 foreign director | K5: =IF(F5="","",IF(AND(LEN(F5)>2,MID(F5,LEN(F5)-1,1)="-",ISERROR(VALUE(RIGHT(F5,1)))),LEFT(F5,LEN(F5)-2),F5)) | L5: =IF(OR(F5="",K5=F5),"",RIGHT(F5,1))
A6: 3 | B6: CH3 | C6: Sole Prop / Partnership | D6: D | E6: 4 Malaysian | K6: =IF(F6="","",IF(AND(LEN(F6)>2,MID(F6,LEN(F6)-1,1)="-",ISERROR(VALUE(RIGHT(F6,1)))),LEFT(F6,LEN(F6)-2),F6)) | L6: =IF(OR(F6="",K6=F6),"",RIGHT(F6,1))
A7: 4 | B7: CH4 | C7: Sole Prop / Partnership | D7: D | E7: 5 Malaysian | K7: =IF(F7="","",IF(AND(LEN(F7)>2,MID(F7,LEN(F7)-1,1)="-",ISERROR(VALUE(RIGHT(F7,1)))),LEFT(F7,LEN(F7)-2),F7)) | L7: =IF(OR(F7="",K7=F7),"",RIGHT(F7,1))
A8: 5 | B8: CH5 | C8: Sole Prop / Partnership | D8: D (or IG) | E8: 4 Malaysian | J8: Stops at Submitted | K8: =IF(F8="","",IF(AND(LEN(F8)>2,MID(F8,LEN(F8)-1,1)="-",ISERROR(VALUE(RIGHT(F8,1)))),LEFT(F8,LEN(F8)-2),F8)) | L8: =IF(OR(F8="",K8=F8),"",RIGHT(F8,1))
A9: 6 | B9: CH6 | C9: LLP | D9: PT | E9: 4 Malaysian | J9: Check LLP0035174-LGN first | K9: =IF(F9="","",IF(AND(LEN(F9)>2,MID(F9,LEN(F9)-1,1)="-",ISERROR(VALUE(RIGHT(F9,1)))),LEFT(F9,LEN(F9)-2),F9)) | L9: =IF(OR(F9="",K9=F9),"",RIGHT(F9,1))
A10: 7 | B10: CH7 | C10: Business Trading (Sabah) | D10: TIN only | E10: 2 directors (robot types them) | J10: No eSim. Fill ONLY the TIN cell. | K10: =IF(F10="","",IF(AND(LEN(F10)>2,MID(F10,LEN(F10)-1,1)="-",ISERROR(VALUE(RIGHT(F10,1)))),LEFT(F10,LEN(F10)-2),F10)) | L10: =IF(OR(F10="",K10=F10),"",RIGHT(F10,1))
A11: 8 | B11: CH8 | C11: Business Trading (Sarawak) | D11: TIN only | E11: 2 directors (robot types them) | J11: No eSim. Fill ONLY the TIN cell. | K11: =IF(F11="","",IF(AND(LEN(F11)>2,MID(F11,LEN(F11)-1,1)="-",ISERROR(VALUE(RIGHT(F11,1)))),LEFT(F11,LEN(F11)-2),F11)) | L11: =IF(OR(F11="",K11=F11),"",RIGHT(F11,1))
A12: 9 | B12: Spare 1 | C12: Sdn Bhd / Bhd | D12: C | E12: — | J12: Only if a run fails | K12: =IF(F12="","",IF(AND(LEN(F12)>2,MID(F12,LEN(F12)-1,1)="-",ISERROR(VALUE(RIGHT(F12,1)))),LEFT(F12,LEN(F12)-2),F12)) | L12: =IF(OR(F12="",K12=F12),"",RIGHT(F12,1))
A13: 10 | B13: Spare 2 | C13: Sole Prop / Partnership | D13: D | E13: — | J13: Only if a run fails | K13: =IF(F13="","",IF(AND(LEN(F13)>2,MID(F13,LEN(F13)-1,1)="-",ISERROR(VALUE(RIGHT(F13,1)))),LEFT(F13,LEN(F13)-2),F13)) | L13: =IF(OR(F13="",K13=F13),"",RIGHT(F13,1))
A14: 11 | B14: Spare 3 | C14: Sole Prop / Partnership | D14: D | E14: — | J14: Only if a run fails | K14: =IF(F14="","",IF(AND(LEN(F14)>2,MID(F14,LEN(F14)-1,1)="-",ISERROR(VALUE(RIGHT(F14,1)))),LEFT(F14,LEN(F14)-2),F14)) | L14: =IF(OR(F14="",K14=F14),"",RIGHT(F14,1))
A15: 12 | B15: Spare 4 | C15: LLP | D15: PT | E15: — | J15: If available | K15: =IF(F15="","",IF(AND(LEN(F15)>2,MID(F15,LEN(F15)-1,1)="-",ISERROR(VALUE(RIGHT(F15,1)))),LEFT(F15,LEN(F15)-2),F15)) | L15: =IF(OR(F15="",K15=F15),"",RIGHT(F15,1))
A17: e.g. | B17: EXAMPLE | C17: Sdn Bhd / Bhd | D17: C | E17: — | F17: 639691-H | G17: 200401001188 | H17: C11400448100 | I17: 21 | J17: EXAMPLE ONLY — format, do not use | K17: 639691 | L17: H

Sheet CH1
A1: CH1 — Sdn Bhd / Bhd — MAIN TEST — run first
A2: Company name the robot types: QA 12341 CH1 SDN BHD
A4: Part A — screen 'Ssm Enquiry Resp' (edit a record, then Save)
A5: Field | B5: Type this | C5: Note
A6: Response Code | B6: 004
A7: Roc | B7: =IF('1 Companies'!K4="","(fill tab 1 first)",'1 Companies'!K4) | C7: Number WITHOUT the letter
A8: Check Digit (if the screen has it) | B8: =IF('1 Companies'!F4="","(fill tab 1 first)",IF('1 Companies'!L4="","(leave empty)",'1 Companies'!L4)) | C8: The letter only. Without it eAuto shows '-A'.
A9: New Roc | B9: =IF('1 Companies'!G4="","(fill tab 1 first)",'1 Companies'!G4) | C9: 12 digits
A10: Company Name | B10: QA 12341 CH1 SDN BHD | C10: Same as the robot types
A11: Delay | B11: 0
A13: Part B — screen 'Ssm Roc Submission Resp' (edit a record, then Save)
A14: Field | B14: Type this | C14: Note
A15: Response Code | B15: 005
A16: Roc | B16: =IF('1 Companies'!K4="","(fill tab 1 first)",'1 Companies'!K4) | C16: Same as Part A
A17: Check Digit (if the screen has it) | B17: =IF('1 Companies'!F4="","(fill tab 1 first)",IF('1 Companies'!L4="","(leave empty)",'1 Companies'!L4)) | C17: Same as Part A
A18: New Roc | B18: =IF('1 Companies'!G4="","(fill tab 1 first)",'1 Companies'!G4) | C18: Same as Part A
A19: Company Name | B19: QA 12341 CH1 SDN BHD
A20: Backup Link | B20: https://cdn.eauto.my/FAQs_on_JPJeID_and_MyJPJ_App.pdf | C20: From the eSimulator guide
A22: Part B — text box 'Page 1': change ONLY these tags
A23: Field | B23: Type this | C23: Note
A24: <REF_NO> | B24: ="<REF_NO>"&IF('1 Companies'!F4="","(fill tab 1 first)",'1 Companies'!F4)&"</REF_NO>" | C24: Number WITH the letter
A25: <NEW_REF_NO> | B25: ="<NEW_REF_NO>"&IF('1 Companies'!G4="","(fill tab 1 first)",'1 Companies'!G4)&"</NEW_REF_NO>"
A26: <ROC_STATUS> | B26: <ROC_STATUS>EXISTING</ROC_STATUS>
A28: Part B — text box 'Page 3': exactly 4 director blocks (designation DIRECTOR)
A29: Field | B29: Type this | C29: Note
A30: Person A — name | B30: QA DIRECTOR A | C30: Malaysian
A31: Person A — <IC> (with dashes) | B31: 690501-13-7631
A32: Person B — name | B32: QA DIRECTOR B | C32: Malaysian
A33: Person B — <IC> (with dashes) | B33: 690502-13-7632
A34: Person C — name | B34: QA DIRECTOR C | C34: Malaysian
A35: Person C — <IC> (with dashes) | B35: 690503-13-7633
A36: Person D — name | B36: QA DIRECTOR D | C36: Malaysian
A37: Person D — <IC> (with dashes) | B37: 690504-13-7634
A39: Then: Save, tell QA support 'eSim ready', and run the robot.

Sheet CH2
A1: CH2 — Sdn Bhd / Bhd — Has 1 foreign director
A2: Company name the robot types: QA 12341 CH2 SDN BHD
A4: Part A — screen 'Ssm Enquiry Resp' (edit a record, then Save)
A5: Field | B5: Type this | C5: Note
A6: Response Code | B6: 004
A7: Roc | B7: =IF('1 Companies'!K5="","(fill tab 1 first)",'1 Companies'!K5) | C7: Number WITHOUT the letter
A8: Check Digit (if the screen has it) | B8: =IF('1 Companies'!F5="","(fill tab 1 first)",IF('1 Companies'!L5="","(leave empty)",'1 Companies'!L5)) | C8: The letter only. Without it eAuto shows '-A'.
A9: New Roc | B9: =IF('1 Companies'!G5="","(fill tab 1 first)",'1 Companies'!G5) | C9: 12 digits
A10: Company Name | B10: QA 12341 CH2 SDN BHD | C10: Same as the robot types
A11: Delay | B11: 0
A13: Part B — screen 'Ssm Roc Submission Resp' (edit a record, then Save)
A14: Field | B14: Type this | C14: Note
A15: Response Code | B15: 005
A16: Roc | B16: =IF('1 Companies'!K5="","(fill tab 1 first)",'1 Companies'!K5) | C16: Same as Part A
A17: Check Digit (if the screen has it) | B17: =IF('1 Companies'!F5="","(fill tab 1 first)",IF('1 Companies'!L5="","(leave empty)",'1 Companies'!L5)) | C17: Same as Part A
A18: New Roc | B18: =IF('1 Companies'!G5="","(fill tab 1 first)",'1 Companies'!G5) | C18: Same as Part A
A19: Company Name | B19: QA 12341 CH2 SDN BHD
A20: Backup Link | B20: https://cdn.eauto.my/FAQs_on_JPJeID_and_MyJPJ_App.pdf | C20: From the eSimulator guide
A22: Part B — text box 'Page 1': change ONLY these tags
A23: Field | B23: Type this | C23: Note
A24: <REF_NO> | B24: ="<REF_NO>"&IF('1 Companies'!F5="","(fill tab 1 first)",'1 Companies'!F5)&"</REF_NO>" | C24: Number WITH the letter
A25: <NEW_REF_NO> | B25: ="<NEW_REF_NO>"&IF('1 Companies'!G5="","(fill tab 1 first)",'1 Companies'!G5)&"</NEW_REF_NO>"
A26: <ROC_STATUS> | B26: <ROC_STATUS>EXISTING</ROC_STATUS>
A28: Part B — text box 'Page 3': exactly 3 director blocks (designation DIRECTOR)
A29: Field | B29: Type this | C29: Note
A30: Person A — name | B30: QA DIRECTOR A | C30: Malaysian
A31: Person A — <IC> (with dashes) | B31: 690501-13-7631
A32: Person B — name | B32: QA DIRECTOR B | C32: Malaysian
A33: Person B — <IC> (with dashes) | B33: 690502-13-7632
A34: Person C — name | B34: QA DIRECTOR C | C34: Foreign director — ID format to confirm
A35: Person C — <IC> (with dashes) | B35: A12345672
A37: Then: Save, tell QA support 'eSim ready', and run the robot.

Sheet CH3
A1: CH3 — Sole Prop / Partnership — set up just before running ch3
A2: Company name the robot types: QA 12341 CH3 ENTERPRISE
A4: Part A — screen 'Ssm Enquiry Resp' (edit a record, then Save)
A5: Field | B5: Type this | C5: Note
A6: Response Code | B6: 004
A7: Roc | B7: =IF('1 Companies'!K6="","(fill tab 1 first)",'1 Companies'!K6) | C7: Number WITHOUT the letter
A8: Check Digit (if the screen has it) | B8: =IF('1 Companies'!F6="","(fill tab 1 first)",IF('1 Companies'!L6="","(leave empty)",'1 Companies'!L6)) | C8: The letter only. Without it eAuto shows '-A'.
A9: New Roc | B9: =IF('1 Companies'!G6="","(fill tab 1 first)",'1 Companies'!G6) | C9: 12 digits
A10: Company Name | B10: QA 12341 CH3 ENTERPRISE | C10: Same as the robot types
A11: Delay | B11: 0
A13: Part B — screen 'Ssm Rob Submission Resp' (edit a record, then Save)
A14: Field | B14: Type this | C14: Note
A15: Response Code | B15: 005
A16: Roc | B16: =IF('1 Companies'!K6="","(fill tab 1 first)",'1 Companies'!K6) | C16: Same as Part A
A17: Check Digit (if the screen has it) | B17: =IF('1 Companies'!F6="","(fill tab 1 first)",IF('1 Companies'!L6="","(leave empty)",'1 Companies'!L6)) | C17: Same as Part A
A18: New Roc | B18: =IF('1 Companies'!G6="","(fill tab 1 first)",'1 Companies'!G6) | C18: Same as Part A
A19: Company Name | B19: QA 12341 CH3 ENTERPRISE
A20: Backup Link | B20: https://cdn.eauto.my/FAQs_on_JPJeID_and_MyJPJ_App.pdf | C20: From the eSimulator guide
A22: Part B — text box 'Business Info': change ONLY these tags
A23: Field | B23: Type this | C23: Note
A24: <BUSINESS_REF_NO> | B24: ="<BUSINESS_REF_NO>"&IF('1 Companies'!F6="","(fill tab 1 first)",'1 Companies'!F6)&"</BUSINESS_REF_NO>" | C24: Number WITH the letter
A25: <NEW_REF_NO> | B25: ="<NEW_REF_NO>"&IF('1 Companies'!G6="","(fill tab 1 first)",'1 Companies'!G6)&"</NEW_REF_NO>"
A26: <ROB_STATUS> | B26: <ROB_STATUS>ACTIVE</ROB_STATUS>
A28: Part B — text box 'Current Owner Info': exactly 4 owner blocks
A29: Field | B29: Type this | C29: Note
A30: Person A — name | B30: QA DIRECTOR A | C30: Malaysian
A31: Person A — <IC_NEW> (no dashes) | B31: 690501137631
A32: Person B — name | B32: QA DIRECTOR B | C32: Malaysian
A33: Person B — <IC_NEW> (no dashes) | B33: 690502137632
A34: Person C — name | B34: QA DIRECTOR C | C34: Malaysian
A35: Person C — <IC_NEW> (no dashes) | B35: 690503137633
A36: Person D — name | B36: QA DIRECTOR D | C36: Malaysian
A37: Person D — <IC_NEW> (no dashes) | B37: 690504137634
A39: Then: Save, tell QA support 'eSim ready', and run the robot.

Sheet CH4
A1: CH4 — Sole Prop / Partnership — set up just before running ch4
A2: Company name the robot types: QA 12341 CH4 ENTERPRISE
A4: Part A — screen 'Ssm Enquiry Resp' (edit a record, then Save)
A5: Field | B5: Type this | C5: Note
A6: Response Code | B6: 004
A7: Roc | B7: =IF('1 Companies'!K7="","(fill tab 1 first)",'1 Companies'!K7) | C7: Number WITHOUT the letter
A8: Check Digit (if the screen has it) | B8: =IF('1 Companies'!F7="","(fill tab 1 first)",IF('1 Companies'!L7="","(leave empty)",'1 Companies'!L7)) | C8: The letter only. Without it eAuto shows '-A'.
A9: New Roc | B9: =IF('1 Companies'!G7="","(fill tab 1 first)",'1 Companies'!G7) | C9: 12 digits
A10: Company Name | B10: QA 12341 CH4 ENTERPRISE | C10: Same as the robot types
A11: Delay | B11: 0
A13: Part B — screen 'Ssm Rob Submission Resp' (edit a record, then Save)
A14: Field | B14: Type this | C14: Note
A15: Response Code | B15: 005
A16: Roc | B16: =IF('1 Companies'!K7="","(fill tab 1 first)",'1 Companies'!K7) | C16: Same as Part A
A17: Check Digit (if the screen has it) | B17: =IF('1 Companies'!F7="","(fill tab 1 first)",IF('1 Companies'!L7="","(leave empty)",'1 Companies'!L7)) | C17: Same as Part A
A18: New Roc | B18: =IF('1 Companies'!G7="","(fill tab 1 first)",'1 Companies'!G7) | C18: Same as Part A
A19: Company Name | B19: QA 12341 CH4 ENTERPRISE
A20: Backup Link | B20: https://cdn.eauto.my/FAQs_on_JPJeID_and_MyJPJ_App.pdf | C20: From the eSimulator guide
A22: Part B — text box 'Business Info': change ONLY these tags
A23: Field | B23: Type this | C23: Note
A24: <BUSINESS_REF_NO> | B24: ="<BUSINESS_REF_NO>"&IF('1 Companies'!F7="","(fill tab 1 first)",'1 Companies'!F7)&"</BUSINESS_REF_NO>" | C24: Number WITH the letter
A25: <NEW_REF_NO> | B25: ="<NEW_REF_NO>"&IF('1 Companies'!G7="","(fill tab 1 first)",'1 Companies'!G7)&"</NEW_REF_NO>"
A26: <ROB_STATUS> | B26: <ROB_STATUS>ACTIVE</ROB_STATUS>
A28: Part B — text box 'Current Owner Info': exactly 5 owner blocks
A29: Field | B29: Type this | C29: Note
A30: Person A — name | B30: QA DIRECTOR A | C30: Malaysian
A31: Person A — <IC_NEW> (no dashes) | B31: 690501137631
A32: Person B — name | B32: QA DIRECTOR B | C32: Malaysian
A33: Person B — <IC_NEW> (no dashes) | B33: 690502137632
A34: Person C — name | B34: QA DIRECTOR C | C34: Malaysian
A35: Person C — <IC_NEW> (no dashes) | B35: 690503137633
A36: Person D — name | B36: QA DIRECTOR D | C36: Malaysian
A37: Person D — <IC_NEW> (no dashes) | B37: 690504137634
A38: Person E — name | B38: QA DIRECTOR E | C38: Malaysian
A39: Person E — <IC_NEW> (no dashes) | B39: 690505137635
A41: Then: Save, tell QA support 'eSim ready', and run the robot.

Sheet CH5
A1: CH5 — Sole Prop / Partnership — Stops at Submitted
A2: Company name the robot types: QA 12341 CH5 ENTERPRISE
A4: Part A — screen 'Ssm Enquiry Resp' (edit a record, then Save)
A5: Field | B5: Type this | C5: Note
A6: Response Code | B6: 004
A7: Roc | B7: =IF('1 Companies'!K8="","(fill tab 1 first)",'1 Companies'!K8) | C7: Number WITHOUT the letter
A8: Check Digit (if the screen has it) | B8: =IF('1 Companies'!F8="","(fill tab 1 first)",IF('1 Companies'!L8="","(leave empty)",'1 Companies'!L8)) | C8: The letter only. Without it eAuto shows '-A'.
A9: New Roc | B9: =IF('1 Companies'!G8="","(fill tab 1 first)",'1 Companies'!G8) | C9: 12 digits
A10: Company Name | B10: QA 12341 CH5 ENTERPRISE | C10: Same as the robot types
A11: Delay | B11: 0
A13: Part B — screen 'Ssm Rob Submission Resp' (edit a record, then Save)
A14: Field | B14: Type this | C14: Note
A15: Response Code | B15: 005
A16: Roc | B16: =IF('1 Companies'!K8="","(fill tab 1 first)",'1 Companies'!K8) | C16: Same as Part A
A17: Check Digit (if the screen has it) | B17: =IF('1 Companies'!F8="","(fill tab 1 first)",IF('1 Companies'!L8="","(leave empty)",'1 Companies'!L8)) | C17: Same as Part A
A18: New Roc | B18: =IF('1 Companies'!G8="","(fill tab 1 first)",'1 Companies'!G8) | C18: Same as Part A
A19: Company Name | B19: QA 12341 CH5 ENTERPRISE
A20: Backup Link | B20: https://cdn.eauto.my/FAQs_on_JPJeID_and_MyJPJ_App.pdf | C20: From the eSimulator guide
A22: Part B — text box 'Business Info': change ONLY these tags
A23: Field | B23: Type this | C23: Note
A24: <BUSINESS_REF_NO> | B24: ="<BUSINESS_REF_NO>"&IF('1 Companies'!F8="","(fill tab 1 first)",'1 Companies'!F8)&"</BUSINESS_REF_NO>" | C24: Number WITH the letter
A25: <NEW_REF_NO> | B25: ="<NEW_REF_NO>"&IF('1 Companies'!G8="","(fill tab 1 first)",'1 Companies'!G8)&"</NEW_REF_NO>"
A26: <ROB_STATUS> | B26: <ROB_STATUS>ACTIVE</ROB_STATUS>
A28: Part B — text box 'Current Owner Info': exactly 4 owner blocks
A29: Field | B29: Type this | C29: Note
A30: Person A — name | B30: QA DIRECTOR A | C30: Malaysian
A31: Person A — <IC_NEW> (no dashes) | B31: 690501137631
A32: Person B — name | B32: QA DIRECTOR B | C32: Malaysian
A33: Person B — <IC_NEW> (no dashes) | B33: 690502137632
A34: Person C — name | B34: QA DIRECTOR C | C34: Malaysian
A35: Person C — <IC_NEW> (no dashes) | B35: 690503137633
A36: Person D — name | B36: QA DIRECTOR D | C36: Malaysian
A37: Person D — <IC_NEW> (no dashes) | B37: 690504137634
A39: Then: Save, tell QA support 'eSim ready', and run the robot.

Sheet CH6
A1: CH6 — LLP — Check LLP0035174-LGN first
A2: Company name the robot types: QA 12341 CH6 PLT
A4: Part A — screen 'Ssm Enquiry Resp' (edit a record, then Save)
A5: Field | B5: Type this | C5: Note
A6: Response Code | B6: 004
A7: Roc | B7: =IF('1 Companies'!K9="","(fill tab 1 first)",'1 Companies'!K9) | C7: Number WITHOUT the letter
A8: Check Digit (if the screen has it) | B8: =IF('1 Companies'!F9="","(fill tab 1 first)",IF('1 Companies'!L9="","(leave empty)",'1 Companies'!L9)) | C8: The letter only. Without it eAuto shows '-A'.
A9: New Roc | B9: =IF('1 Companies'!G9="","(fill tab 1 first)",'1 Companies'!G9) | C9: 12 digits
A10: Company Name | B10: QA 12341 CH6 PLT | C10: Same as the robot types
A11: Delay | B11: 0
A13: Part B — screen 'Ssm Llp Submission Resp (name to confirm)' (edit a record, then Save)
A14: Field | B14: Type this | C14: Note
A15: Response Code | B15: 005
A16: Roc | B16: =IF('1 Companies'!K9="","(fill tab 1 first)",'1 Companies'!K9) | C16: Same as Part A
A17: Check Digit (if the screen has it) | B17: =IF('1 Companies'!F9="","(fill tab 1 first)",IF('1 Companies'!L9="","(leave empty)",'1 Companies'!L9)) | C17: Same as Part A
A18: New Roc | B18: =IF('1 Companies'!G9="","(fill tab 1 first)",'1 Companies'!G9) | C18: Same as Part A
A19: Company Name | B19: QA 12341 CH6 PLT
A20: Backup Link | B20: https://cdn.eauto.my/FAQs_on_JPJeID_and_MyJPJ_App.pdf | C20: From the eSimulator guide
A22: Part B — LLP is NOT in the eSimulator guide — send QA support a screenshot of one LLP record first
A23: Field | B23: Type this | C23: Note
A24: Registration number tag | B24: =IF('1 Companies'!F9="","(fill tab 1 first)",'1 Companies'!F9) | C24: Whatever tag holds the LLP number — WITH '-LGN'
A25: New number tag | B25: =IF('1 Companies'!G9="","(fill tab 1 first)",'1 Companies'!G9)
A26: Status tag | B26: active / existing | C26: Same idea as ROB / ROC — confirm on the screenshot
A28: Part B — text box 'Involvements': exactly 4 partner blocks (type PT, no compliance officer)
A29: Field | B29: Type this | C29: Note
A30: Person A — name | B30: QA DIRECTOR A | C30: Malaysian
A31: Person A — IC (no dashes) | B31: 690501137631
A32: Person B — name | B32: QA DIRECTOR B | C32: Malaysian
A33: Person B — IC (no dashes) | B33: 690502137632
A34: Person C — name | B34: QA DIRECTOR C | C34: Malaysian
A35: Person C — IC (no dashes) | B35: 690503137633
A36: Person D — name | B36: QA DIRECTOR D | C36: Malaysian
A37: Person D — IC (no dashes) | B37: 690504137634
A39: Then: Save, tell QA support 'eSim ready', and run the robot.
